/* 
 * To change this license header, choose License Headers in Project Properties.
 * To change this template file, choose Tools | Templates
 * and open the template in the editor.
 */
/**
 * Author:  rapha
 * Created: 9-Sep-2018
 */
USE guard;

DELETE FROM CLIENT;
INSERT INTO CLIENT (`CLIENTID`,`REFERENCE`,`TYPE`,`ADDRESS`)VALUES(1,"ref01","P","3744 st avenue");
INSERT INTO CLIENT (`CLIENTID`,`REFERENCE`,`TYPE`,`ADDRESS`)VALUES(2,"ref02","P","125 st avenue");
INSERT INTO CLIENT (`CLIENTID`,`REFERENCE`,`TYPE`,`ADDRESS`)VALUES(3,"ref03","P","0956 st avenue");
INSERT INTO CLIENT (`CLIENTID`,`REFERENCE`,`TYPE`,`ADDRESS`)VALUES(4,"ref04","P","17 st avenue");

-- ordered

INSERT INTO ORDERED
(ORDEREDID,REFERENCE,WHENMADE,WAYISSUED,PAYMENTBY,TOTALPRICE,FROMS,DEST,CLIENTID,ESTIMATE_DELIV_TIME,ESTIMATEDISTANCE,ESTIMATETIME,PHONE,OWNERNAME) VALUES (1,"orderedReference1",time(timestamp),"online","cash",45.5," 458 bloor st","78 kennedy rd",2,timestamp,"5km","23 minutes","647 XXX XXXX", "appclient 1");

INSERT INTO ORDERED
(ORDEREDID,REFERENCE,WHENMADE,WAYISSUED,PAYMENTBY,TOTALPRICE,FROMS,DEST,CLIENTID,ESTIMATE_DELIV_TIME,ESTIMATEDISTANCE,ESTIMATETIME,PHONE,OWNERNAME) VALUES (2,"orderedReference2",time(timestamp),"app","cash",25.5," 458 bloor st","89 kennedy rd",1,timestamp,"2km","9 minutes","647 XXX XXXX", "appclient 3");

-- products ---
DELETE FROM PRODUCT;
INSERT INTO PRODUCT (PRODUCT_ID,PNAME,PRICE,DESCRIPTION,CATEGORY,QUANTITY,ORDERED_ORDEREDID)VALUES (1,"shushi",23.5," combo box shushi","Food",1,1);

INSERT INTO PRODUCT (PRODUCT_ID,PNAME,PRICE,DESCRIPTION,CATEGORY,QUANTITY,ORDERED_ORDEREDID)VALUES (2,"Clothes T",78.5," T-shirt","Clothes",1,2);


-- Users and authority
DELETE FROM USER;
INSERT INTO USER (ID, USERNAME, PASSWORD, FIRSTNAME, LASTNAME, EMAIL, ENABLED, LASTPASSWORDRESETDATE,REFERENCE) VALUES (1, 'admin', '$2a$08$lDnHPz7eUkSi6ao14Twuau08mzhWrL4kyZGGU5xfiGALO/Vxd5DOi', 'admin', 'admin', 'admin@admin.com', 1, DATE_ADD("2017-06-15", INTERVAL 10 DAY),null);
INSERT INTO USER (ID, USERNAME, PASSWORD, FIRSTNAME, LASTNAME, EMAIL, ENABLED, LASTPASSWORDRESETDATE,REFERENCE) VALUES (2, 'user', '$2a$08$UkVvwpULis18S19S5pZFn.YHPZt3oaqHZnDwqbCW9pft6uFtkXKDC', 'user', 'user', 'enabled@user.com', 1, DATE_ADD("2017-06-10", INTERVAL 10 DAY),"ref01");
INSERT INTO USER (ID, USERNAME, PASSWORD, FIRSTNAME, LASTNAME, EMAIL, ENABLED, LASTPASSWORDRESETDATE,REFERENCE) VALUES (3, 'disabled', '$2a$08$UkVvwpULis18S19S5pZFn.YHPZt3oaqHZnDwqbCW9pft6uFtkXKDC', 'user', 'user', 'disabled@user.com', 0, DATE_ADD("2018-06-16", INTERVAL 10 DAY),"ref02");
INSERT INTO USER (ID, USERNAME, PASSWORD, FIRSTNAME, LASTNAME, EMAIL, ENABLED, LASTPASSWORDRESETDATE,REFERENCE) VALUES (4, 'client', '$2a$08$UkVvwpULis18S19S5pZFn.YHPZt3oaqHZnDwqbCW9pft6uFtkXKDC', 'client', 'client', 'client@client.com', 1, DATE_ADD("2018-06-01", INTERVAL 10 DAY),"ref03");
INSERT INTO USER (ID, USERNAME, PASSWORD, FIRSTNAME, LASTNAME, EMAIL, ENABLED, LASTPASSWORDRESETDATE,REFERENCE) VALUES (5, 'boy', '$2a$08$UkVvwpULis18S19S5pZFn.YHPZt3oaqHZnDwqbCW9pft6uFtkXKDC', 'boy', 'boy', 'boy@boy.com', 1, DATE_ADD("2018-06-15", INTERVAL 10 DAY),"boy04");



DELETE FROM AUTHORITY;
INSERT INTO AUTHORITY (ID, NAME) VALUES (1, 'ROLE_USER');
INSERT INTO AUTHORITY (ID, NAME) VALUES (2, 'ROLE_ADMIN');
INSERT INTO AUTHORITY (ID, NAME) VALUES (3, 'ROLE_DRIVER');
INSERT INTO AUTHORITY (ID, NAME) VALUES (4, 'ROLE_CLIENT');
INSERT INTO AUTHORITY (ID, NAME) VALUES (5, 'ROLE_DISPATCHER');
INSERT INTO AUTHORITY (ID, NAME) VALUES (6, 'ROLE_MANAGER');

DELETE FROM USER_AUTHORITY;
INSERT INTO USER_AUTHORITY (USER_ID, AUTHORITY_ID) VALUES (1, 1);
INSERT INTO USER_AUTHORITY (USER_ID, AUTHORITY_ID) VALUES (1, 2);
INSERT INTO USER_AUTHORITY (USER_ID, AUTHORITY_ID) VALUES (2, 1);
INSERT INTO USER_AUTHORITY (USER_ID, AUTHORITY_ID) VALUES (3, 1);

INSERT INTO USER_AUTHORITY (USER_ID, AUTHORITY_ID) VALUES (4, 4);
INSERT INTO USER_AUTHORITY (USER_ID, AUTHORITY_ID) VALUES (5, 3);
