DELETE FROM CLIENT;
INSERT INTO CLIENT (`CLIENTID`,`REFERENCE`,`TYPE`,`ADDRESS`)VALUES(1,'ref01','P','3744 st avenue');
INSERT INTO CLIENT (`CLIENTID`,`REFERENCE`,`TYPE`,`ADDRESS`)VALUES(2,'ref02','P','125 st avenue');
INSERT INTO CLIENT (`CLIENTID`,`REFERENCE`,`TYPE`,`ADDRESS`)VALUES(3,'ref03','P','0956 st avenue');
INSERT INTO CLIENT (`CLIENTID`,`REFERENCE`,`TYPE`,`ADDRESS`)VALUES(4,'ref04','P','17 st avenue');
-- boy
INSERT INTO deliveryboy
(`ID`,`LEVEL`,`RATING`,`STATUS`,`DRIVERLICENCENUMBER`,
`ENGINEPLATENUMBER`,`ENGINEMODEL`,`ENGINETYPE`,`LICENCEISSUEDATE`,`LICENCEEXPDATE`,`REFERENCE`,`ADDRESS`)VALUES(1,1,4,1,'LIC7854','ENG2145','subaru','car',now(),now(),'boy01','2359 front st east');


-- ordered

INSERT INTO ORDERED
(ORDEREDID,REFERENCE,WHENMADE,WAYISSUED,PAYMENTBY,TOTALPRICE,FROMS,DEST,CLIENTID,ESTIMATE_DELIV_TIME,ESTIMATEDISTANCE,ESTIMATETIME,PHONE,OWNERNAME) VALUES (1,'orderedReference1',PARSEDATETIME('09-09-2018', 'dd-MM-yyyy'),'online','cash',45.5,' 458 bloor st','78 kennedy rd',2,PARSEDATETIME('09-09-2018', 'dd-MM-yyyy'),'5km','23 min','647 XXX XXXX', 'appclient1');

INSERT INTO ORDERED
(ORDEREDID,REFERENCE,WHENMADE,WAYISSUED,PAYMENTBY,TOTALPRICE,FROMS,DEST,CLIENTID,ESTIMATE_DELIV_TIME,ESTIMATEDISTANCE,ESTIMATETIME,PHONE,OWNERNAME) VALUES (2,'orderedReference2',PARSEDATETIME('09-09-2018', 'dd-MM-yyyy'),'app','cash',25.5,' 458 bloor st','89 kennedy rd',1,PARSEDATETIME('09-09-2018', 'dd-MM-yyyy'),'2km','9 min','647 XXX XXXX', 'appclient3');

-- products ---
DELETE FROM PRODUCT;
INSERT INTO PRODUCT (PRODUCT_ID,PNAME,PRICE,DESCRIPTION,CATEGORY,QUANTITY,ORDERED_ORDEREDID)VALUES (1,'shushi',23.5,' combo box shushi','Food',1,1);

INSERT INTO PRODUCT (PRODUCT_ID,PNAME,PRICE,DESCRIPTION,CATEGORY,QUANTITY,ORDERED_ORDEREDID)VALUES (2,'Clothes T',78.5,' T-shirt','Clothes',1,2);


INSERT INTO USER (ID, USERNAME, PASSWORD, FIRSTNAME, LASTNAME, EMAIL, ENABLED, LASTPASSWORDRESETDATE) VALUES (1, 'admin', '$2a$08$lDnHPz7eUkSi6ao14Twuau08mzhWrL4kyZGGU5xfiGALO/Vxd5DOi', 'admin', 'admin', 'admin@admin.com', 1, PARSEDATETIME('01-01-2016', 'dd-MM-yyyy'));
INSERT INTO USER (ID, USERNAME, PASSWORD, FIRSTNAME, LASTNAME, EMAIL, ENABLED, LASTPASSWORDRESETDATE) VALUES (2, 'user', '$2a$08$UkVvwpULis18S19S5pZFn.YHPZt3oaqHZnDwqbCW9pft6uFtkXKDC', 'user', 'user', 'enabled@user.com', 1, PARSEDATETIME('01-01-2016','dd-MM-yyyy'));
INSERT INTO USER (ID, USERNAME, PASSWORD, FIRSTNAME, LASTNAME, EMAIL, ENABLED, LASTPASSWORDRESETDATE) VALUES (3, 'disabled', '$2a$08$UkVvwpULis18S19S5pZFn.YHPZt3oaqHZnDwqbCW9pft6uFtkXKDC', 'user', 'user', 'disabled@user.com', 0, PARSEDATETIME('01-01-2016','dd-MM-yyyy'));

INSERT INTO USER (ID, USERNAME, PASSWORD, FIRSTNAME, LASTNAME, EMAIL, ENABLED, LASTPASSWORDRESETDATE,REFERENCE) VALUES (4, 'client', '$2a$08$UkVvwpULis18S19S5pZFn.YHPZt3oaqHZnDwqbCW9pft6uFtkXKDC', 'client', 'client', 'client@client.com', 1, PARSEDATETIME('09-09-2017', 'dd-MM-yyyy'),'ref03');
INSERT INTO USER (ID, USERNAME, PASSWORD, FIRSTNAME, LASTNAME, EMAIL, ENABLED, LASTPASSWORDRESETDATE,REFERENCE) VALUES (5, 'boy', '$2a$08$UkVvwpULis18S19S5pZFn.YHPZt3oaqHZnDwqbCW9pft6uFtkXKDC', 'boy', 'boy', 'boy@boy.com', 1, PARSEDATETIME('09-09-2017', 'dd-MM-yyyy'),'boy04');


INSERT INTO AUTHORITY (ID, NAME) VALUES (1, 'ROLE_USER');
INSERT INTO AUTHORITY (ID, NAME) VALUES (2, 'ROLE_ADMIN');
INSERT INTO AUTHORITY (ID, NAME) VALUES (3, 'ROLE_DRIVER');
INSERT INTO AUTHORITY (ID, NAME) VALUES (4, 'ROLE_CLIENT');
INSERT INTO AUTHORITY (ID, NAME) VALUES (5, 'ROLE_DISPATCHER');
INSERT INTO AUTHORITY (ID, NAME) VALUES (6, 'ROLE_MANAGER');

INSERT INTO USER_AUTHORITY (USER_ID, AUTHORITY_ID) VALUES (1, 1);
INSERT INTO USER_AUTHORITY (USER_ID, AUTHORITY_ID) VALUES (1, 2);
INSERT INTO USER_AUTHORITY (USER_ID, AUTHORITY_ID) VALUES (2, 1);
INSERT INTO USER_AUTHORITY (USER_ID, AUTHORITY_ID) VALUES (3, 1);
INSERT INTO USER_AUTHORITY (USER_ID, AUTHORITY_ID) VALUES (4, 4);
INSERT INTO USER_AUTHORITY (USER_ID, AUTHORITY_ID) VALUES (5, 3);